id,Name,Level,Speed,Cornering,Power_Unit,Qualifying,Pit_Time,Total,Series,Cards,Total_Cards,Coins,Total_Coins
freni_0,Starter,1,1,1,1,1,1,4,0,0,0,0,0
freni_1,The Stabiliser,1,2,2,1,3,0.97,8,1,0,0,0,0
freni_1,The Stabiliser,2,3,3,2,4,0.94,12,1,4,4,"2,000","2,000"
freni_1,The Stabiliser,3,4,4,3,5,0.91,16,1,10,14,"8,000","10,000"
freni_1,The Stabiliser,4,5,5,3,6,0.88,19,1,20,34,"35,000","45,000"
freni_1,The Stabiliser,5,6,6,4,7,0.85,23,1,50,84,"90,000","135,000"
freni_1,The Stabiliser,6,7,7,5,8,0.83,27,1,100,184,"275,000","410,000"
freni_1,The Stabiliser,7,7,7,6,8,0.80,28,1,200,384,"800,000","1,210,000"
freni_1,The Stabiliser,8,8,8,7,9,0.77,32,1,400,784,"1,600,000","2,810,000"
freni_1,The Stabiliser,9,9,9,7,10,0.74,35,1,1000,1784,"2,400,000","5,210,000"
freni_1,The Stabiliser,10,10,10,8,11,0.71,39,1,2000,3784,"3,200,000","8,410,000"
freni_1,The Stabiliser,11,11,11,9,12,0.69,43,1,4000,7784,"4,000,000","12,410,000"
freni_2,The Corsair,1,3,5,2,1,0.86,11,2,0,0,0,0
freni_2,The Corsair,2,4,7,3,2,0.81,16,2,4,4,"6,000","6,000"
freni_2,The Corsair,3,4,8,3,2,0.77,17,2,10,14,"30,000","36,000"
freni_2,The Corsair,4,5,10,4,3,0.72,22,2,20,34,"95,000","131,000"
freni_2,The Corsair,5,5,11,4,3,0.68,23,2,50,84,"300,000","431,000"
freni_2,The Corsair,6,6,13,5,4,0.63,28,2,100,184,"950,000","1,381,000"
freni_2,The Corsair,7,6,14,5,4,0.59,29,2,200,384,"1,900,000","3,281,000"
freni_2,The Corsair,8,7,16,6,5,0.54,34,2,400,784,"3,750,000","7,031,000"
freni_2,The Corsair,9,7,17,6,5,0.50,35,2,1000,1784,"5,600,000","12,631,000"
freni_2,The Corsair,10,8,19,7,6,0.45,40,2,2000,3784,"7,450,000","20,081,000"
freni_2,The Corsair,11,8,20,7,6,0.41,41,2,4000,7784,"9,300,000","29,381,000"
freni_3,The Fury,1,15,5,6,7,0.83,33,3,0,0,0,0
freni_3,The Fury,2,18,6,7,8,0.80,39,3,4,4,"22,000","22,000"
freni_3,The Fury,3,20,7,8,9,0.77,44,3,10,14,"45,000","67,000"
freni_3,The Fury,4,23,8,9,10,0.74,50,3,20,34,"135,000","202,000"
freni_3,The Fury,5,25,8,10,11,0.71,54,3,50,84,"450,000","652,000"
freni_3,The Fury,6,28,9,11,12,0.68,60,3,100,184,"1,350,000","2,002,000"
freni_3,The Fury,7,30,10,12,13,0.65,65,3,200,384,"2,800,000","4,802,000"
freni_3,The Fury,8,33,11,13,14,0.62,71,3,400,784,"5,250,000","10,052,000"
freni_4,Monolith,1,5,15,6,14,0.83,40,5,0,0,0,0
freni_4,Monolith,2,6,17,7,16,0.80,46,5,4,4,"220,000","220,000"
freni_4,Monolith,3,6,19,8,17,0.78,50,5,10,14,"445,000","665,000"
freni_4,Monolith,4,7,20,8,19,0.76,54,5,20,34,"665,000","1,330,000"
freni_4,Monolith,5,8,22,9,21,0.74,60,5,50,84,"2,250,000","3,580,000"
freni_4,Monolith,6,8,24,10,22,0.72,64,5,100,184,"4,750,000","8,330,000"
freni_4,Monolith,7,9,26,11,24,0.69,70,5,200,384,"13,750,000","22,080,000"
freni_4,Monolith,8,9,27,11,25,0.67,72,5,400,784,"25,500,000","47,580,000"
freni_4,Monolith,9,10,29,12,27,0.65,78,5,1000,1784,"37,250,000","84,830,000"
freni_5,The Dynamo,1,8,10,28,11,0.69,57,8,0,0,0,0
freni_5,The Dynamo,2,9,11,30,12,0.65,62,8,4,4,"4,500,000","4,500,000"
freni_5,The Dynamo,3,10,12,32,13,0.62,67,8,10,14,"9,000,000","13,500,000"
freni_5,The Dynamo,4,11,13,34,14,0.59,72,8,20,34,"20,000,000","33,500,000"
freni_5,The Dynamo,5,12,14,36,15,0.56,77,8,50,84,"42,250,000","75,750,000"
freni_5,The Dynamo,6,12,15,38,16,0.53,81,8,100,184,"139,250,000","215,000,000"
freni_5,The Dynamo,7,13,16,40,17,0.50,86,8,200,384,"167,000,000","382,000,000"
freni_5,The Dynamo,8,14,17,42,18,0.47,91,8,400,784,"195,000,000","577,000,000"
freni_5,The Dynamo,9,15,18,44,19,0.44,96,8,1000,1784,"223,000,000","800,000,000"
freni_6,Stormbringer,1,33,12,13,11,0.62,69,10,0,0,0,0
freni_6,Stormbringer,2,35,13,14,12,0.59,74,10,4,4,"22,000,000","22,000,000"
freni_6,Stormbringer,3,38,14,15,13,0.57,80,10,10,14,"43,000,000","65,000,000"
freni_6,Stormbringer,4,40,15,16,14,0.55,85,10,20,34,"65,000,000","130,000,000"
freni_6,Stormbringer,5,42,16,17,15,0.53,90,10,50,84,"150,000,000","280,000,000"
freni_6,Stormbringer,6,44,17,18,16,0.51,95,10,100,184,"284,000,000","564,000,000"
freni_6,Stormbringer,7,47,18,19,17,0.48,101,10,200,384,"341,000,000","905,000,000"
freni_6,Stormbringer,8,49,19,20,18,0.46,106,10,400,784,"398,000,000","1,303,000,000"
freni_6,Stormbringer,9,51,20,21,19,0.44,111,10,1000,1784,"455,000,000","1,758,000,000"
freni_7,The Behemoth,1,16,42,17,14,0.44,89,11,0,0,0,0
freni_7,The Behemoth,2,17,45,18,15,0.41,95,11,4,4,"54,000,000","54,000,000"
freni_7,The Behemoth,3,18,47,19,16,0.37,100,11,10,14,"107,000,000","161,000,000"
freni_7,The Behemoth,4,19,50,20,17,0.34,106,11,20,34,"161,000,000","322,000,000"
freni_7,The Behemoth,5,19,52,20,18,0.30,109,11,50,84,"215,000,000","537,000,000"
freni_7,The Behemoth,6,20,55,21,19,0.27,115,11,100,184,"406,000,000","943,000,000"
freni_7,The Behemoth,7,21,57,22,20,0.23,120,11,200,384,"487,000,000","1,430,000,000"
freni_7,The Behemoth,8,22,60,23,21,0.20,126,11,400,784,"568,000,000","1,998,000,000"
cambio_0,Starter,1,1,1,1,1,1,4,0,0,0,0,0
cambio_1,The Equinox,1,2,2,3,1,0.97,8,1,0,0,0,0
cambio_1,The Equinox,2,3,3,4,2,0.93,12,1,4,4,"2,000","2,000"
cambio_1,The Equinox,3,4,4,5,3,0.90,16,1,10,14,"8,000","10,000"
cambio_1,The Equinox,4,4,5,6,3,0.87,18,1,20,34,"35,000","45,000"
cambio_1,The Equinox,5,5,6,7,4,0.84,22,1,50,84,"90,000","135,000"
cambio_1,The Equinox,6,6,7,8,5,0.81,26,1,100,184,"275,000","410,000"
cambio_1,The Equinox,7,7,7,8,6,0.78,28,1,200,384,"800,000","1,210,000"
cambio_1,The Equinox,8,8,8,9,7,0.74,32,1,400,784,"1,600,000","2,810,000"
cambio_1,The Equinox,9,8,9,10,7,0.71,34,1,1000,1784,"2,400,000","5,210,000"
cambio_1,The Equinox,10,9,10,11,8,0.68,38,1,2000,3784,"3,200,000","8,410,000"
cambio_1,The Equinox,11,10,11,12,9,0.65,42,1,4000,7784,"4,000,000","12,410,000"
cambio_2,Cold Fusion,1,3,2,7,7,0.90,19,2,0,0,0,0
cambio_2,Cold Fusion,2,4,3,9,9,0.87,25,2,4,4,"6,000","6,000"
cambio_2,Cold Fusion,3,4,3,11,11,0.84,29,2,10,14,"30,000","36,000"
cambio_2,Cold Fusion,4,5,4,12,12,0.82,33,2,20,34,"95,000","131,000"
cambio_2,Cold Fusion,5,6,5,14,14,0.79,39,2,50,84,"300,000","431,000"
cambio_2,Cold Fusion,6,6,5,16,16,0.76,43,2,100,184,"950,000","1,381,000"
cambio_2,Cold Fusion,7,7,6,18,18,0.74,49,2,200,384,"1,900,000","3,281,000"
cambio_2,Cold Fusion,8,7,6,19,19,0.71,51,2,400,784,"3,750,000","7,031,000"
cambio_2,Cold Fusion,9,8,7,21,21,0.69,57,2,1000,1784,"5,600,000","12,631,000"
cambio_3,Pivot,1,2,8,4,2,0.79,16,3,0,0,0,0
cambio_3,Pivot,2,3,9,5,3,0.74,20,3,4,4,"22,000","22,000"
cambio_3,Pivot,3,3,11,5,3,0.69,22,3,10,14,"45,000","67,000"
cambio_3,Pivot,4,4,12,6,4,0.64,26,3,20,34,"135,000","202,000"
cambio_3,Pivot,5,4,14,7,4,0.59,29,3,50,84,"450,000","652,000"
cambio_3,Pivot,6,5,15,8,5,0.55,33,3,100,184,"1,350,000","2,002,000"
cambio_3,Pivot,7,5,16,8,5,0.50,34,3,200,384,"2,800,000","4,802,000"
cambio_3,Pivot,8,6,18,9,6,0.45,39,3,400,784,"5,250,000","10,052,000"
cambio_3,Pivot,9,6,19,10,6,0.40,41,3,1000,1784,"7,700,000","17,752,000"
cambio_3,Pivot,10,7,21,10,7,0.35,45,3,2000,3784,"10,150,000","27,902,000"
cambio_3,Pivot,11,7,22,11,7,0.30,47,3,4000,7784,"12,600,000","40,502,000"
cambio_4,The Surge,1,17,5,7,16,0.76,45,5,0,0,0,0
cambio_4,The Surge,2,19,6,8,18,0.72,51,5,4,4,"220,000","220,000"
cambio_4,The Surge,3,21,7,9,19,0.69,56,5,10,14,"445,000","665,000"
cambio_4,The Surge,4,23,8,10,21,0.65,62,5,20,34,"665,000","1,330,000"
cambio_4,The Surge,5,24,8,10,23,0.62,65,5,50,84,"2,250,000","3,580,000"
cambio_4,The Surge,6,26,9,11,25,0.58,71,5,100,184,"4,750,000","8,330,000"
cambio_4,The Surge,7,28,10,12,26,0.55,76,5,200,384,"13,750,000","22,080,000"
cambio_4,The Surge,8,30,11,13,28,0.51,82,5,400,784,"25,500,000","47,580,000"
cambio_5,The Quantum,1,11,8,27,11,0.69,57,8,0,0,0,0
cambio_5,The Quantum,2,12,9,29,12,0.65,62,8,4,4,"4,500,000","4,500,000"
cambio_5,The Quantum,3,13,10,31,13,0.62,67,8,10,14,"9,000,000","13,500,000"
cambio_5,The Quantum,4,14,11,33,14,0.58,72,8,20,34,"20,000,000","33,500,000"
cambio_5,The Quantum,5,15,12,36,15,0.55,78,8,50,84,"42,250,000","75,750,000"
cambio_5,The Quantum,6,15,12,38,15,0.51,80,8,100,184,"139,250,000","215,000,000"
cambio_5,The Quantum,7,16,13,40,16,0.48,85,8,200,384,"167,000,000","382,000,000"
cambio_5,The Quantum,8,17,14,42,17,0.44,90,8,400,784,"195,000,000","577,000,000"
cambio_5,The Quantum,9,18,15,44,18,0.41,95,8,1000,1784,"223,000,000","800,000,000"
cambio_6,The Gyro,1,12,33,10,14,0.65,69,10,0,0,0,0
cambio_6,The Gyro,2,13,36,11,15,0.62,75,10,4,4,"22,000,000","22,000,000"
cambio_6,The Gyro,3,14,38,12,16,0.58,80,10,10,14,"43,000,000","65,000,000"
cambio_6,The Gyro,4,15,41,13,16,0.55,85,10,20,34,"65,000,000","130,000,000"
cambio_6,The Gyro,5,16,43,14,17,0.51,90,10,50,84,"150,000,000","280,000,000"
cambio_6,The Gyro,6,16,46,14,18,0.48,94,10,100,184,"284,000,000","564,000,000"
cambio_6,The Gyro,7,17,48,15,19,0.44,99,10,200,384,"341,000,000","905,000,000"
cambio_6,The Gyro,8,18,51,16,19,0.41,104,10,400,784,"398,000,000","1,303,000,000"
cambio_6,The Gyro,9,19,53,17,20,0.37,109,10,1000,1784,"455,000,000","1,758,000,000"
cambio_7,Beat,1,42,15,17,16,0.48,90,12,0,0,0,0
cambio_7,Beat,2,44,16,18,17,0.45,95,12,4,4,"116,000,000","116,000,000"
cambio_7,Beat,3,47,17,19,18,0.42,101,12,10,14,"232,000,000","348,000,000"
cambio_7,Beat,4,49,17,20,19,0.40,105,12,20,34,"348,000,000","696,000,000"
cambio_7,Beat,5,51,18,21,20,0.37,110,12,50,84,"464,000,000","1,160,000,000"
cambio_7,Beat,6,53,19,21,20,0.34,113,12,100,184,"580,000,000","1,740,000,000"
cambio_7,Beat,7,56,20,22,21,0.32,119,12,200,384,"696,000,000","2,436,000,000"
cambio_7,Beat,8,60,21,24,23,0.27,128,12,400,784,"812,000,000","3,248,000,000"
alettonePosteriore_0,Starter,1,1,1,1,1,1,4,0,0,0,0,0
alettonePosteriore_1,The Blaze,1,1,6,3,2,0.97,12,1,0,0,0,0
alettonePosteriore_1,The Blaze,2,2,8,4,3,0.94,17,1,4,4,"2,000","2,000"
alettonePosteriore_1,The Blaze,3,3,11,5,4,0.91,23,1,10,14,"8,000","10,000"
alettonePosteriore_1,The Blaze,4,4,13,6,4,0.89,27,1,20,34,"35,000","45,000"
alettonePosteriore_1,The Blaze,5,5,16,7,5,0.86,33,1,50,84,"90,000","135,000"
alettonePosteriore_1,The Blaze,6,5,18,8,6,0.83,37,1,100,184,"275,000","410,000"
alettonePosteriore_1,The Blaze,7,6,20,9,7,0.81,42,1,200,384,"800,000","1,210,000"
alettonePosteriore_1,The Blaze,8,7,23,10,7,0.78,47,1,400,784,"1,600,000","2,810,000"
alettonePosteriore_1,The Blaze,9,8,25,11,8,0.76,52,1,1000,1784,"2,400,000","5,210,000"
alettonePosteriore_2,The Spire,1,5,6,3,4,0.79,18,3,0,0,0,0
alettonePosteriore_2,The Spire,2,6,7,4,5,0.76,22,3,4,4,"22,000","22,000"
alettonePosteriore_2,The Spire,3,6,8,5,6,0.73,25,3,10,14,"45,000","67,000"
alettonePosteriore_2,The Spire,4,7,8,6,7,0.70,28,3,20,34,"135,000","202,000"
alettonePosteriore_2,The Spire,5,8,9,7,8,0.66,32,3,50,84,"450,000","652,000"
alettonePosteriore_2,The Spire,6,9,10,8,9,0.63,36,3,100,184,"1,350,000","2,002,000"
alettonePosteriore_2,The Spire,7,9,11,9,9,0.60,38,3,200,384,"2,800,000","4,802,000"
alettonePosteriore_2,The Spire,8,10,12,10,10,0.57,42,3,400,784,"5,250,000","10,052,000"
alettonePosteriore_2,The Spire,9,11,12,11,11,0.54,45,3,1000,1784,"7,700,000","17,752,000"
alettonePosteriore_2,The Spire,10,11,13,12,12,0.51,48,3,2000,3784,"10,150,000","27,902,000"
alettonePosteriore_2,The Spire,11,12,14,13,13,0.48,52,3,4000,7784,"12,600,000","40,502,000"
alettonePosteriore_3,Motion,1,4,2,10,3,0.65,19,4,0,0,0,0
alettonePosteriore_3,Motion,2,5,3,11,4,0.61,23,4,4,4,"64,000","64,000"
alettonePosteriore_3,Motion,3,6,3,12,5,0.57,26,4,10,14,"130,000","194,000"
alettonePosteriore_3,Motion,4,6,4,13,5,0.53,28,4,20,34,"190,000","384,000"
alettonePosteriore_3,Motion,5,7,4,14,6,0.50,31,4,50,84,"1,550,000","1,934,000"
alettonePosteriore_3,Motion,6,8,5,16,7,0.46,36,4,100,184,"3,300,000","5,234,000"
alettonePosteriore_3,Motion,7,9,6,17,8,0.42,40,4,200,384,"6,500,000","11,734,000"
alettonePosteriore_3,Motion,8,10,6,18,9,0.38,43,4,400,784,"11,250,000","22,984,000"
alettonePosteriore_3,Motion,9,10,7,19,9,0.34,45,4,1000,1784,"16,000,000","38,984,000"
alettonePosteriore_3,Motion,10,11,7,20,10,0.30,48,4,2000,3784,"20,750,000","59,734,000"
alettonePosteriore_3,Motion,11,12,8,21,11,0.27,52,4,4000,7784,"25,500,000","85,234,000"
alettonePosteriore_4,Aero Blade,1,14,5,6,14,0.79,39,6,0,0,0,0
alettonePosteriore_4,Aero Blade,2,15,5,7,15,0.77,42,6,4,4,"790,000","790,000"
alettonePosteriore_4,Aero Blade,3,17,6,7,17,0.75,47,6,10,14,"1,600,000","2,390,000"
alettonePosteriore_4,Aero Blade,4,18,6,8,18,0.73,50,6,20,34,"2,400,000","4,790,000"
alettonePosteriore_4,Aero Blade,5,20,7,8,20,0.71,55,6,50,84,"3,200,000","7,990,000"
alettonePosteriore_4,Aero Blade,6,21,7,9,21,0.69,58,6,100,184,"6,800,000","14,790,000"
alettonePosteriore_4,Aero Blade,7,22,7,9,22,0.66,60,6,200,384,"19,500,000","34,290,000"
alettonePosteriore_4,Aero Blade,8,24,8,10,24,0.64,66,6,400,784,"36,250,000","70,540,000"
alettonePosteriore_4,Aero Blade,9,25,8,10,25,0.62,68,6,1000,1784,"53,000,000","123,540,000"
alettonePosteriore_4,Aero Blade,10,27,9,11,27,0.60,74,6,2000,3784,"69,750,000","193,290,000"
alettonePosteriore_4,Aero Blade,11,28,9,11,28,0.58,76,6,4000,7784,"86,500,000","279,790,000"
alettonePosteriore_5,The Valkyrie,1,10,27,11,10,0.72,58,7,0,0,0,0
alettonePosteriore_5,The Valkyrie,2,11,30,12,11,0.69,64,7,4,4,"1,950,000","1,950,000"
alettonePosteriore_5,The Valkyrie,3,12,32,13,12,0.65,69,7,10,14,"3,850,000","5,800,000"
alettonePosteriore_5,The Valkyrie,4,13,35,14,13,0.62,75,7,20,34,"5,800,000","11,600,000"
alettonePosteriore_5,The Valkyrie,5,14,37,15,14,0.58,80,7,50,84,"7,700,000","19,300,000"
alettonePosteriore_5,The Valkyrie,6,15,40,16,15,0.55,86,7,100,184,"15,750,000","35,050,000"
alettonePosteriore_5,The Valkyrie,7,16,42,17,16,0.51,91,7,200,384,"28,000,000","63,050,000"
alettonePosteriore_5,The Valkyrie,8,17,45,18,17,0.48,97,7,400,784,"51,750,000","114,800,000"
alettonePosteriore_6,Power Lift,1,12,10,30,12,0.69,64,9,0,0,0,0
alettonePosteriore_6,Power Lift,2,13,11,32,13,0.65,69,9,4,4,"9,500,000","9,500,000"
alettonePosteriore_6,Power Lift,3,14,12,35,14,0.62,75,9,10,14,"19,000,000","28,500,000"
alettonePosteriore_6,Power Lift,4,15,13,37,15,0.59,80,9,20,34,"45,000,000","73,500,000"
alettonePosteriore_6,Power Lift,5,16,14,39,16,0.56,85,9,50,84,"105,000,000","178,500,000"
alettonePosteriore_6,Power Lift,6,16,14,41,16,0.53,87,9,100,184,"199,000,000","377,500,000"
alettonePosteriore_6,Power Lift,7,17,15,44,17,0.50,93,9,200,384,"239,000,000","616,500,000"
alettonePosteriore_6,Power Lift,8,18,16,46,18,0.47,98,9,400,784,"278,000,000","894,500,000"
alettonePosteriore_6,Power Lift,9,19,17,48,19,0.44,103,9,1000,1784,"317,000,000","1,211,500,000"
alettonePosteriore_7,The Cyclone,1,42,16,15,17,0.48,90,11,0,0,0,0
alettonePosteriore_7,The Cyclone,2,45,17,16,18,0.45,96,11,4,4,"54,000,000","54,000,000"
alettonePosteriore_7,The Cyclone,3,47,18,17,19,0.42,101,11,10,14,"107,000,000","161,000,000"
alettonePosteriore_7,The Cyclone,4,50,19,18,20,0.39,107,11,20,34,"161,000,000","322,000,000"
alettonePosteriore_7,The Cyclone,5,52,20,18,21,0.36,111,11,50,84,"215,000,000","537,000,000"
alettonePosteriore_7,The Cyclone,6,55,21,19,22,0.33,117,11,100,184,"406,000,000","943,000,000"
alettonePosteriore_7,The Cyclone,7,57,22,20,23,0.30,122,11,200,384,"487,000,000","1,430,000,000"
alettonePosteriore_7,The Cyclone,8,60,23,21,24,0.27,128,11,400,784,"568,000,000","1,998,000,000"
alettoneAnteriore_0,Starter,1,1,1,1,1,1,4,0,0,0,0,0
alettoneAnteriore_1,Glide,1,2,2,3,1,0.97,8,1,0,0,0,0
alettoneAnteriore_1,Glide,2,3,3,4,2,0.94,12,1,4,4,"2,000","2,000"
alettoneAnteriore_1,Glide,3,4,4,5,3,0.92,16,1,10,14,"8,000","10,000"
alettoneAnteriore_1,Glide,4,5,4,6,4,0.89,19,1,20,34,"35,000","45,000"
alettoneAnteriore_1,Glide,5,6,5,7,5,0.87,23,1,50,84,"90,000","135,000"
alettoneAnteriore_1,Glide,6,7,6,8,6,0.84,27,1,100,184,"275,000","410,000"
alettoneAnteriore_1,Glide,7,7,7,8,7,0.82,29,1,200,384,"800,000","1,210,000"
alettoneAnteriore_1,Glide,8,8,8,9,8,0.79,33,1,400,784,"1,600,000","2,810,000"
alettoneAnteriore_1,Glide,9,9,8,10,9,0.77,36,1,1000,1784,"2,400,000","5,210,000"
alettoneAnteriore_1,Glide,10,10,9,11,10,0.74,40,1,2000,3784,"3,200,000","8,410,000"
alettoneAnteriore_1,Glide,11,11,10,12,11,0.72,44,1,4000,7784,"4,000,000","12,410,000"
alettoneAnteriore_2,Gallop,1,5,2,2,4,0.97,13,2,0,0,0,0
alettoneAnteriore_2,Gallop,2,6,3,3,5,0.94,17,2,4,4,"6,000","6,000"
alettoneAnteriore_2,Gallop,3,8,3,3,6,0.92,20,2,10,14,"30,000","36,000"
alettoneAnteriore_2,Gallop,4,9,4,4,8,0.89,25,2,20,34,"95,000","131,000"
alettoneAnteriore_2,Gallop,5,10,4,4,9,0.87,27,2,50,84,"300,000","431,000"
alettoneAnteriore_2,Gallop,6,12,5,5,10,0.84,32,2,100,184,"950,000","1,381,000"
alettoneAnteriore_2,Gallop,7,13,6,6,11,0.82,36,2,200,384,"1,900,000","3,281,000"
alettoneAnteriore_2,Gallop,8,14,6,6,12,0.79,38,2,400,784,"3,750,000","7,031,000"
alettoneAnteriore_2,Gallop,9,15,7,7,14,0.77,43,2,1000,1784,"5,600,000","12,631,000"
alettoneAnteriore_2,Gallop,10,17,7,7,15,0.74,46,2,2000,3784,"7,450,000","20,081,000"
alettoneAnteriore_2,Gallop,11,18,8,8,16,0.72,50,2,4000,7784,"9,300,000","29,381,000"
alettoneAnteriore_3,Spark-E,1,4,3,7,2,0.79,16,4,0,0,0,0
alettoneAnteriore_3,Spark-E,2,5,4,8,3,0.74,20,4,4,4,"64,000","64,000"
alettoneAnteriore_3,Spark-E,3,5,4,10,3,0.69,22,4,10,14,"130,000","194,000"
alettoneAnteriore_3,Spark-E,4,6,5,11,4,0.64,26,4,20,34,"190,000","384,000"
alettoneAnteriore_3,Spark-E,5,6,5,13,4,0.59,28,4,50,84,"1,550,000","1,934,000"
alettoneAnteriore_3,Spark-E,6,7,6,14,5,0.55,32,4,100,184,"3,300,000","5,234,000"
alettoneAnteriore_3,Spark-E,7,8,7,15,5,0.50,35,4,200,384,"6,500,000","11,734,000"
alettoneAnteriore_3,Spark-E,8,8,7,17,6,0.45,38,4,400,784,"11,250,000","22,984,000"
alettoneAnteriore_3,Spark-E,9,9,8,18,6,0.40,41,4,1000,1784,"16,000,000","38,984,000"
alettoneAnteriore_3,Spark-E,10,9,8,20,7,0.35,44,4,2000,3784,"20,750,000","59,734,000"
alettoneAnteriore_3,Spark-E,11,10,9,21,7,0.30,47,4,4000,7784,"25,500,000","85,234,000"
alettoneAnteriore_4,The Saber,1,6,15,5,13,0.79,39,6,0,0,0,0
alettoneAnteriore_4,The Saber,2,7,17,6,15,0.77,45,6,4,4,"790,000","790,000"
alettoneAnteriore_4,The Saber,3,7,19,7,16,0.75,49,6,10,14,"1,600,000","2,390,000"
alettoneAnteriore_4,The Saber,4,8,20,7,18,0.72,53,6,20,34,"2,400,000","4,790,000"
alettoneAnteriore_4,The Saber,5,9,22,8,20,0.70,59,6,50,84,"3,200,000","7,990,000"
alettoneAnteriore_4,The Saber,6,9,24,9,21,0.68,63,6,100,184,"6,800,000","14,790,000"
alettoneAnteriore_4,The Saber,7,10,26,10,23,0.66,69,6,200,384,"19,500,000","34,290,000"
alettoneAnteriore_4,The Saber,8,10,27,10,24,0.64,71,6,400,784,"36,250,000","70,540,000"
alettoneAnteriore_4,The Saber,9,11,29,11,26,0.62,77,6,1000,1784,"53,000,000","123,540,000"
alettoneAnteriore_5,Turbo Jet,1,24,10,8,9,0.72,51,8,0,0,0,0
alettoneAnteriore_5,Turbo Jet,2,26,11,9,10,0.69,56,8,4,4,"4,500,000","4,500,000"
alettoneAnteriore_5,Turbo Jet,3,29,12,10,11,0.67,62,8,10,14,"9,000,000","13,500,000"
alettoneAnteriore_5,Turbo Jet,4,31,13,10,11,0.64,65,8,20,34,"20,000,000","33,500,000"
alettoneAnteriore_5,Turbo Jet,5,34,14,11,12,0.62,71,8,50,84,"42,250,000","75,750,000"
alettoneAnteriore_5,Turbo Jet,6,36,15,12,13,0.59,76,8,100,184,"139,250,000","215,000,000"
alettoneAnteriore_5,Turbo Jet,7,38,16,13,14,0.56,81,8,200,384,"167,000,000","382,000,000"
alettoneAnteriore_5,Turbo Jet,8,41,17,13,14,0.54,85,8,400,784,"195,000,000","577,000,000"
alettoneAnteriore_5,Turbo Jet,9,43,18,14,15,0.51,90,8,1000,1784,"223,000,000","800,000,000"
alettoneAnteriore_6,The Beast,1,13,14,35,15,0.58,77,9,0,0,0,0
alettoneAnteriore_6,The Beast,2,14,15,38,16,0.55,83,9,4,4,"9,500,000","9,500,000"
alettoneAnteriore_6,The Beast,3,15,16,40,17,0.52,88,9,10,14,"19,000,000","28,500,000"
alettoneAnteriore_6,The Beast,4,16,17,43,18,0.49,94,9,20,34,"45,000,000","73,500,000"
alettoneAnteriore_6,The Beast,5,16,18,46,19,0.46,99,9,50,84,"105,000,000","178,500,000"
alettoneAnteriore_6,The Beast,6,17,19,49,20,0.43,105,9,100,184,"199,000,000","377,500,000"
alettoneAnteriore_6,The Beast,7,18,20,51,21,0.40,110,9,200,384,"239,000,000","616,500,000"
alettoneAnteriore_6,The Beast,8,19,21,54,22,0.37,116,9,400,784,"278,000,000","894,500,000"
alettoneAnteriore_7,Nemesis,1,17,42,15,16,0.48,90,11,0,0,0,0
alettoneAnteriore_7,Nemesis,2,18,45,16,17,0.45,96,11,4,4,"54,000,000","54,000,000"
alettoneAnteriore_7,Nemesis,3,19,47,17,18,0.43,101,11,10,14,"107,000,000","161,000,000"
alettoneAnteriore_7,Nemesis,4,20,50,18,19,0.40,107,11,20,34,"161,000,000","322,000,000"
alettoneAnteriore_7,Nemesis,5,22,52,18,20,0.38,112,11,50,84,"215,000,000","537,000,000"
alettoneAnteriore_7,Nemesis,6,23,55,19,21,0.35,118,11,100,184,"406,000,000","943,000,000"
alettoneAnteriore_7,Nemesis,7,24,57,20,22,0.33,123,11,200,384,"487,000,000","1,430,000,000"
alettoneAnteriore_7,Nemesis,8,25,60,21,23,0.30,129,11,400,784,"568,000,000","1,998,000,000"
sospensioni_0,Starter,1,1,1,1,1,1,4,0,0,0,0,0
sospensioni_1,Zenith,1,9,2,4,3,0.93,18,1,0,0,0,0
sospensioni_1,Zenith,2,12,3,5,4,0.90,24,1,4,4,"2,000","2,000"
sospensioni_1,Zenith,3,14,4,6,5,0.86,29,1,10,14,"8,000","10,000"
sospensioni_1,Zenith,4,17,5,7,6,0.83,35,1,20,34,"35,000","45,000"
sospensioni_1,Zenith,5,19,6,9,7,0.79,41,1,50,84,"90,000","135,000"
sospensioni_1,Zenith,6,22,7,10,8,0.76,47,1,100,184,"275,000","410,000"
sospensioni_1,Zenith,7,24,8,11,9,0.72,52,1,200,384,"800,000","1,210,000"
sospensioni_1,Zenith,8,27,9,12,10,0.69,58,1,400,784,"1,600,000","2,810,000"
sospensioni_2,Nexus,1,3,2,4,3,0.90,12,2,0,0,0,0
sospensioni_2,Nexus,2,4,3,5,4,0.86,16,2,4,4,"6,000","6,000"
sospensioni_2,Nexus,3,5,4,6,5,0.83,20,2,10,14,"30,000","36,000"
sospensioni_2,Nexus,4,5,4,7,5,0.79,21,2,20,34,"95,000","131,000"
sospensioni_2,Nexus,5,6,5,8,6,0.76,25,2,50,84,"300,000","431,000"
sospensioni_2,Nexus,6,7,6,9,7,0.72,29,2,100,184,"950,000","1,381,000"
sospensioni_2,Nexus,7,8,7,10,8,0.69,33,2,200,384,"1,900,000","3,281,000"
sospensioni_2,Nexus,8,9,8,11,9,0.65,37,2,400,784,"3,750,000","7,031,000"
sospensioni_2,Nexus,9,9,8,12,9,0.62,38,2,1000,1784,"5,600,000","12,631,000"
sospensioni_2,Nexus,10,10,9,13,10,0.58,42,2,2000,3784,"7,450,000","20,081,000"
sospensioni_2,Nexus,11,11,10,14,11,0.55,46,2,4000,7784,"9,300,000","29,381,000"
sospensioni_3,Curver 2.0,1,4,7,2,7,0.93,20,3,0,0,0,0
sospensioni_3,Curver 2.0,2,5,8,3,8,0.91,24,3,4,4,"22,000","22,000"
sospensioni_3,Curver 2.0,3,5,10,3,10,0.89,28,3,10,14,"45,000","67,000"
sospensioni_3,Curver 2.0,4,6,11,4,11,0.87,32,3,20,34,"135,000","202,000"
sospensioni_3,Curver 2.0,5,6,13,4,13,0.85,36,3,50,84,"450,000","652,000"
sospensioni_3,Curver 2.0,6,7,14,5,14,0.83,40,3,100,184,"1,350,000","2,002,000"
sospensioni_3,Curver 2.0,7,7,15,5,15,0.80,42,3,200,384,"2,800,000","4,802,000"
sospensioni_3,Curver 2.0,8,8,17,6,17,0.78,48,3,400,784,"5,250,000","10,052,000"
sospensioni_3,Curver 2.0,9,8,18,6,18,0.76,50,3,1000,1784,"7,700,000","17,752,000"
sospensioni_3,Curver 2.0,10,9,20,7,20,0.74,56,3,2000,3784,"10,150,000","27,902,000"
sospensioni_3,Curver 2.0,11,9,21,7,21,0.72,58,3,4000,7784,"12,600,000","40,502,000"
sospensioni_4,The Pulse,1,4,5,12,6,0.69,27,5,0,0,0,0
sospensioni_4,The Pulse,2,5,6,14,7,0.64,32,5,4,4,"220,000","220,000"
sospensioni_4,The Pulse,3,5,6,15,7,0.59,33,5,10,14,"445,000","665,000"
sospensioni_4,The Pulse,4,6,7,17,8,0.55,38,5,20,34,"665,000","1,330,000"
sospensioni_4,The Pulse,5,6,7,18,9,0.50,40,5,50,84,"2,250,000","3,580,000"
sospensioni_4,The Pulse,6,7,8,20,10,0.46,45,5,100,184,"4,750,000","8,330,000"
sospensioni_4,The Pulse,7,7,8,21,10,0.41,46,5,200,384,"13,750,000","22,080,000"
sospensioni_4,The Pulse,8,8,9,23,11,0.37,51,5,400,784,"25,500,000","47,580,000"
sospensioni_4,The Pulse,9,8,9,24,12,0.32,53,5,1000,1784,"37,250,000","84,830,000"
sospensioni_4,The Pulse,10,9,10,26,12,0.28,57,5,2000,3784,"49,000,000","133,830,000"
sospensioni_4,The Pulse,11,9,10,27,13,0.23,59,5,4000,7784,"60,750,000","194,580,000"
sospensioni_5,Hustle,1,24,7,11,10,0.76,52,7,0,0,0,0
sospensioni_5,Hustle,2,26,8,12,11,0.73,57,7,4,4,"1,950,000","1,950,000"
sospensioni_5,Hustle,3,29,9,13,12,0.70,63,7,10,14,"3,850,000","5,800,000"
sospensioni_5,Hustle,4,31,10,14,13,0.68,68,7,20,34,"5,800,000","11,600,000"
sospensioni_5,Hustle,5,33,11,15,14,0.65,73,7,50,84,"7,700,000","19,300,000"
sospensioni_5,Hustle,6,35,11,15,14,0.62,75,7,100,184,"15,750,000","35,050,000"
sospensioni_5,Hustle,7,38,12,16,15,0.60,81,7,200,384,"28,000,000","63,050,000"
sospensioni_5,Hustle,8,40,13,17,16,0.57,86,7,400,784,"51,750,000","114,800,000"
sospensioni_5,Hustle,9,42,14,18,17,0.55,91,7,1000,1784,"75,500,000","190,300,000"
sospensioni_6,The Arc,1,12,30,10,11,0.65,63,9,0,0,0,0
sospensioni_6,The Arc,2,13,32,11,12,0.62,68,9,4,4,"9,500,000","9,500,000"
sospensioni_6,The Arc,3,14,35,12,13,0.59,74,9,10,14,"19,000,000","28,500,000"
sospensioni_6,The Arc,4,15,37,12,14,0.56,78,9,20,34,"45,000,000","73,500,000"
sospensioni_6,The Arc,5,16,40,13,15,0.53,84,9,50,84,"105,000,000","178,500,000"
sospensioni_6,The Arc,6,16,42,14,15,0.50,87,9,100,184,"199,000,000","377,500,000"
sospensioni_6,The Arc,7,17,44,15,16,0.47,92,9,200,384,"239,000,000","616,500,000"
sospensioni_6,The Arc,8,18,47,15,17,0.44,97,9,400,784,"278,000,000","894,500,000"
sospensioni_6,The Arc,9,19,49,16,18,0.41,102,9,1000,1784,"317,000,000","1,211,500,000"
sospensioni_7,The Reactor,1,16,17,42,15,0.48,90,12,0,0,0,0
sospensioni_7,The Reactor,2,17,18,45,16,0.45,96,12,4,4,"116,000,000","116,000,000"
sospensioni_7,The Reactor,3,18,19,47,17,0.43,101,12,10,14,"232,000,000","348,000,000"
sospensioni_7,The Reactor,4,19,20,50,18,0.40,107,12,20,34,"348,000,000","696,000,000"
sospensioni_7,The Reactor,5,20,21,52,19,0.38,112,12,50,84,"464,000,000","1,160,000,000"
sospensioni_7,The Reactor,6,21,22,55,20,0.35,118,12,100,184,"580,000,000","1,740,000,000"
sospensioni_7,The Reactor,7,22,23,57,21,0.33,123,12,200,384,"696,000,000","2,436,000,000"
sospensioni_7,The Reactor,8,23,24,60,22,0.30,129,12,400,784,"812,000,000","3,248,000,000"
motore_0,Starter,1,1,1,1,1,1,4,0,0,0,0,0
motore_1,The Synergy,1,2,3,1,2,0.97,8,1,0,0,0,0
motore_1,The Synergy,2,3,4,2,3,0.94,12,1,4,4,"2,000","2,000"
motore_1,The Synergy,3,4,5,3,4,0.91,16,1,10,14,"8,000","10,000"
motore_1,The Synergy,4,5,6,3,5,0.88,19,1,20,34,"35,000","45,000"
motore_1,The Synergy,5,6,7,4,6,0.85,23,1,50,84,"90,000","135,000"
motore_1,The Synergy,6,7,8,5,7,0.83,27,1,100,184,"275,000","410,000"
motore_1,The Synergy,7,7,8,6,7,0.80,28,1,200,384,"800,000","1,210,000"
motore_1,The Synergy,8,8,9,7,8,0.77,32,1,400,784,"1,600,000","2,810,000"
motore_1,The Synergy,9,9,10,7,9,0.74,35,1,1000,1784,"2,400,000","5,210,000"
motore_1,The Synergy,10,10,11,8,10,0.71,39,1,2000,3784,"3,200,000","8,410,000"
motore_1,The Synergy,11,11,12,9,11,0.69,43,1,4000,7784,"4,000,000","12,410,000"
motore_2,The Accord,1,6,2,1,3,0.90,12,2,0,0,0,0
motore_2,The Accord,2,7,3,2,4,0.85,16,2,4,4,"6,000","6,000"
motore_2,The Accord,3,8,3,2,4,0.81,17,2,10,14,"30,000","36,000"
motore_2,The Accord,4,10,4,3,5,0.77,22,2,20,34,"95,000","131,000"
motore_2,The Accord,5,11,4,3,6,0.73,24,2,50,84,"300,000","431,000"
motore_2,The Accord,6,12,5,4,7,0.69,28,2,100,184,"950,000","1,381,000"
motore_2,The Accord,7,13,6,5,7,0.64,31,2,200,384,"1,900,000","3,281,000"
motore_2,The Accord,8,14,6,5,8,0.60,33,2,400,784,"3,750,000","7,031,000"
motore_2,The Accord,9,16,7,6,9,0.56,38,2,1000,1784,"5,600,000","12,631,000"
motore_2,The Accord,10,17,7,6,9,0.52,39,2,2000,3784,"7,450,000","20,081,000"
motore_2,The Accord,11,18,8,7,10,0.48,43,2,4000,7784,"9,300,000","29,381,000"
motore_3,Thunderbolt,1,6,12,5,4,0.86,27,4,0,0,0,0
motore_3,Thunderbolt,2,7,14,6,5,0.84,32,4,4,4,"64,000","64,000"
motore_3,Thunderbolt,3,7,16,6,5,0.81,34,4,10,14,"130,000","194,000"
motore_3,Thunderbolt,4,8,18,7,6,0.79,39,4,20,34,"190,000","384,000"
motore_3,Thunderbolt,5,8,20,7,6,0.76,41,4,50,84,"1,550,000","1,934,000"
motore_3,Thunderbolt,6,9,22,8,7,0.74,46,4,100,184,"3,300,000","5,234,000"
motore_3,Thunderbolt,7,10,23,9,7,0.71,49,4,200,384,"6,500,000","11,734,000"
motore_3,Thunderbolt,8,10,25,9,8,0.69,52,4,400,784,"11,250,000","22,984,000"
motore_3,Thunderbolt,9,11,27,10,8,0.66,56,4,1000,1784,"16,000,000","38,984,000"
motore_3,Thunderbolt,10,11,29,10,9,0.64,59,4,2000,3784,"20,750,000","59,734,000"
motore_3,Thunderbolt,11,12,31,11,9,0.62,63,4,4000,7784,"25,500,000","85,234,000"
motore_4,M4D Dash,1,8,6,16,16,0.79,46,6,0,0,0,0
motore_4,M4D Dash,2,9,7,18,18,0.77,52,6,4,4,"790,000","790,000"
motore_4,M4D Dash,3,10,8,20,19,0.75,57,6,10,14,"1,600,000","2,390,000"
motore_4,M4D Dash,4,10,8,21,21,0.72,60,6,20,34,"2,400,000","4,790,000"
motore_4,M4D Dash,5,11,9,23,23,0.70,66,6,50,84,"3,200,000","7,990,000"
motore_4,M4D Dash,6,12,10,25,24,0.68,71,6,100,184,"6,800,000","14,790,000"
motore_4,M4D Dash,7,13,11,27,26,0.66,77,6,200,384,"19,500,000","34,290,000"
motore_4,M4D Dash,8,13,11,28,27,0.64,79,6,400,784,"36,250,000","70,540,000"
motore_4,M4D Dash,9,14,12,30,29,0.62,85,6,1000,1784,"53,000,000","123,540,000"
motore_5,The Juggernaut,1,10,24,8,9,0.72,51,7,0,0,0,0
motore_5,The Juggernaut,2,11,26,9,10,0.69,56,7,4,4,"1,950,000","1,950,000"
motore_5,The Juggernaut,3,12,29,10,11,0.65,62,7,10,14,"3,850,000","5,800,000"
motore_5,The Juggernaut,4,12,31,10,11,0.62,64,7,20,34,"5,800,000","11,600,000"
motore_5,The Juggernaut,5,13,34,11,12,0.58,70,7,50,84,"7,700,000","19,300,000"
motore_5,The Juggernaut,6,14,36,12,13,0.55,75,7,100,184,"15,750,000","35,050,000"
motore_5,The Juggernaut,7,15,38,13,14,0.51,80,7,200,384,"28,000,000","63,050,000"
motore_5,The Juggernaut,8,15,41,13,14,0.48,83,7,400,784,"51,750,000","114,800,000"
motore_5,The Juggernaut,9,16,43,14,15,0.44,88,7,1000,1784,"75,500,000","190,300,000"
motore_6,Mach III,1,36,15,13,14,0.55,78,10,0,0,0,0
motore_6,Mach III,2,39,16,14,15,0.51,84,10,4,4,"22,000,000","22,000,000"
motore_6,Mach III,3,41,17,15,16,0.48,89,10,10,14,"43,000,000","65,000,000"
motore_6,Mach III,4,44,18,16,17,0.44,95,10,20,34,"65,000,000","130,000,000"
motore_6,Mach III,5,46,18,16,17,0.41,97,10,50,84,"150,000,000","280,000,000"
motore_6,Mach III,6,49,19,17,18,0.37,103,10,100,184,"284,000,000","564,000,000"
motore_6,Mach III,7,51,20,18,19,0.34,108,10,200,384,"341,000,000","905,000,000"
motore_6,Mach III,8,54,21,19,20,0.30,114,10,400,784,"398,000,000","1,303,000,000"
motore_7,The Powerhouse,1,15,16,42,17,0.48,90,12,0,0,0,0
motore_7,The Powerhouse,2,16,17,45,18,0.45,96,12,4,4,"116,000,000","116,000,000"
motore_7,The Powerhouse,3,17,18,47,19,0.43,101,12,10,14,"232,000,000","348,000,000"
motore_7,The Powerhouse,4,18,19,50,20,0.40,107,12,20,34,"348,000,000","696,000,000"
motore_7,The Powerhouse,5,18,20,52,22,0.38,112,12,50,84,"464,000,000","1,160,000,000"
motore_7,The Powerhouse,6,19,21,55,23,0.35,118,12,100,184,"580,000,000","1,740,000,000"
motore_7,The Powerhouse,7,20,22,57,24,0.33,123,12,200,384,"696,000,000","2,436,000,000"
motore_7,The Powerhouse,8,21,23,60,25,0.30,129,12,400,784,"812,000,000","3,248,000,000"